<?xml version="1.0" encoding="UTF-8"?>
<project-private xmlns="http://www.netbeans.org/ns/project-private/1">
    <editor-bookmarks xmlns="http://www.netbeans.org/ns/editor-bookmarks/2" lastBookmarkId="0"/>
    <open-files xmlns="http://www.netbeans.org/ns/projectui-open-files/2">
        <group>
            <file>file:/C:/Users/prane/OneDrive/Documents/NetBeansProjects/JavaApplication2/src/pat.java</file>
            <file>file:/C:/Users/prane/OneDrive/Documents/NetBeansProjects/JavaApplication2/src/Signuppat.java</file>
            <file>file:/C:/Users/prane/OneDrive/Documents/NetBeansProjects/JavaApplication2/src/Ins.java</file>
            <file>file:/C:/Users/prane/OneDrive/Documents/NetBeansProjects/JavaApplication2/src/Logindoc.java</file>
            <file>file:/C:/Users/prane/OneDrive/Documents/NetBeansProjects/JavaApplication2/src/Signupdoct.java</file>
            <file>file:/C:/Users/prane/OneDrive/Documents/NetBeansProjects/JavaApplication2/src/LoginPage2.java</file>
        </group>
    </open-files>
</project-private>
